<?xml version="1.0" encoding="UTF-8" standalone="yes"?>
<dnnParams>
    <networks>
        <network name="mct_brain" ordinal="0" type="">
            <inputTensors>
                <inputTensor persistency="1" ordinal="0" name="input_1:0" l2Offset="3623168" numOfDimensions="3" bitsPerElement="8" shift="0" scale="0.00390625" format="signed">
                    <dimensions>
                        <dimension size="320" serializationOrder="1" ordinal="0" padding="0"/>
                        <dimension size="320" serializationOrder="0" ordinal="1" padding="0"/>
                        <dimension size="3" serializationOrder="2" ordinal="2" padding="0"/>
                    </dimensions>
                </inputTensor>
            </inputTensors>
            <outputTensors>
                <outputTensor ordinal="0" name="transform-31-tf.image.combined_non_max_suppression:0" l2Offset="3960064" numOfDimensions="2" bitsPerElement="16" shift="0" scale="6.1035156E-5" format="signed">
                    <dimensions>
                        <dimension size="300" serializationOrder="0" ordinal="0" padding="0"/>
                        <dimension size="4" serializationOrder="1" ordinal="1" padding="0"/>
                    </dimensions>
                </outputTensor>
                <outputTensor ordinal="1" name="transform-32-tf.image.combined_non_max_suppression:0" l2Offset="3937536" numOfDimensions="1" bitsPerElement="16" shift="0" scale="1.0" format="signed">
                    <dimensions>
                        <dimension size="300" serializationOrder="0" ordinal="0" padding="0"/>
                    </dimensions>
                </outputTensor>
                <outputTensor ordinal="2" name="transform-33-tf.image.combined_non_max_suppression:0" l2Offset="3935488" numOfDimensions="1" bitsPerElement="8" shift="0" scale="0.00390625" format="unsigned">
                    <dimensions>
                        <dimension size="300" serializationOrder="0" ordinal="0" padding="0"/>
                    </dimensions>
                </outputTensor>
                <outputTensor ordinal="3" name="transform-34-tf.image.combined_non_max_suppression:0" l2Offset="3936512" numOfDimensions="1" bitsPerElement="16" shift="0" scale="1.0" format="signed">
                    <dimensions>
                        <dimension size="1" serializationOrder="0" ordinal="0" padding="0"/>
                    </dimensions>
                </outputTensor>
            </outputTensors>
        </network>
    </networks>
    <l2memory totalSize="8388480" coefficientsSize="2797184" reservedMemorySize="1024" networksRuntimeSize="1968128"/>
</dnnParams>
